version,n_wds,n_keys,the,sec
13638,1944,236,0.0083167180000000007
13638,1944,236,0.008287684
13638,1944,236,0.0084045869999999998
13638,1944,236,0.0083934049999999996
13638,1944,236,0.0083934230000000006
13638,1944,236,0.0084422609999999995
13638,1944,236,0.0084124249999999994
13638,1944,236,0.0084025450000000008
13638,1944,236,0.0084028699999999998
13638,1944,236,0.0083881839999999999
